{"Desired mean": 495.5, "Desired sd": 515.6, "Desired skew": 2, "Estimated a": 108198.44320039533, "Estimated loc": -1.1045170716217196, "Estimated scale": 689.7082413712017}