{"Desired mean": 495.5, "Desired sd": 515.6, "Desired skew": 2, "Estimated a": 1292831387.376328, "Estimated loc": -1.7951023997948887, "Estimated scale": 690.3416636271711}